player,org,agents,rounds_played,rating,average_combat_score,kill_deaths,kill_assists_survived_traded,average_damage_per_round,kills_per_round,assists_per_round,first_kills_per_round,first_deaths_per_round,headshot_percentage,clutch_success_percentage,team_id,team_name,region,gamechanger
Vania,G2.G,"['harbor', 'omen', 'gekko']",202,1.48,243.0,1.81,84%,152.7,0.89,0.50,0.05,0.04,42%,33%,6530,G2 Gozen,ap,False
xeus,HOWL,"['raze', 'jett']",381,1.28,276.7,1.36,71%,178.4,0.98,0.18,0.21,0.15,30%,20%,13558,HOWL Esports,ap,False
kaajak,APK,"['jett', 'gekko', 'yoru']",599,1.27,275.4,1.43,72%,177.2,1.00,0.17,0.25,0.16,39%,9%,11479,Apeks,ap,False
Jade,535,"['breach', 'kayo', 'yoru']",535,1.25,236.2,1.21,78%,151.1,0.83,0.50,0.09,0.04,32%,15%,11496,ALTERNATE aTTaX Ruby,ap,False
Izzy,SUP,"['raze', 'iso', 'neon']",259,1.25,273.1,1.38,72%,169.1,0.97,0.16,0.21,0.12,31%,13%,4567,Papara SuperMassive,ap,False
Vitie,Uzhi,"['omen', 'brimstone']",201,1.24,243.2,1.20,80%,156.0,0.82,0.48,0.07,0.05,33%,33%,12679,apinaorkesteri,ap,False
rezq,G2.G,"['yoru', 'raze', 'neon']",202,1.23,297.2,1.51,75%,178.7,1.04,0.19,0.31,0.17,23%,14%,6530,G2 Gozen,ap,False
Lime,FKS,"['yoru', 'sage', 'neon']",315,1.23,240.6,1.34,71%,155.0,0.85,0.24,0.13,0.13,33%,18%,6882,FOKUS,ap,False
trexx,VIT,"['sova', 'fade']",611,1.22,226.2,1.19,76%,154.5,0.77,0.40,0.08,0.07,20%,15%,2059,Team Vitality,ap,False
xuss,MOUZ,"['jett', 'raze', 'iso']",634,1.21,253.8,1.33,74%,161.9,0.91,0.13,0.21,0.12,26%,16%,8044,MOUZ,ap,False
pyrolll,ACE,"['viper', 'omen', 'astra']",375,1.21,217.5,1.28,72%,141.4,0.77,0.27,0.09,0.09,32%,16%,3531,Acend,ap,False
Chronicle,FNC,"['sova', 'viper', 'skye']",604,1.21,219.7,1.28,77%,150.7,0.76,0.33,0.10,0.06,27%,14%,2593,FNATIC,ap,False
Ruxic,FF,"['viper', 'omen']",235,1.21,239.7,1.29,77%,159.0,0.84,0.36,0.14,0.11,27%,13%,4686,Fire Flux Esports,ap,False
PROFEK,GN,"['omen', 'viper', 'astra']",496,1.21,222.8,1.31,77%,150.7,0.81,0.34,0.09,0.07,29%,15%,12474,GoNext Esports,ap,False
fluxxy,HERO,"['omen', 'viper', 'astra']",296,1.20,217.5,1.23,78%,142.9,0.79,0.33,0.07,0.05,31%,21%,15749,HEROIC Valkyries,ap,False
mimi,G2.G,"['killjoy', 'deadlock', 'gekko']",202,1.20,186.7,1.48,81%,126.9,0.70,0.24,0.05,0.05,32%,11%,6530,G2 Gozen,ap,False
Lar0k,PCF,"['breach', 'iso', 'gekko']",827,1.20,208.9,1.19,74%,136.1,0.74,0.40,0.08,0.07,31%,23%,3478,PCIFIC Espor,ap,False
Akita,ZER.M,"['jett', 'raze']",348,1.19,283.4,1.25,73%,180.8,0.98,0.18,0.26,0.19,28%,35%,14613,Zerance Mint,ap,False
Filu,DSY,"['raze', 'jett', 'gekko']",351,1.18,249.9,1.24,74%,160.9,0.90,0.18,0.21,0.15,31%,22%,6538,DSYRE,ap,False
harambe,LGC,"['raze', 'jett', 'omen']",358,1.18,247.9,1.25,70%,160.0,0.88,0.19,0.18,0.12,23%,12%,14523,Requiem,ap,False
wackie,DSY,"['gekko', 'killjoy', 'viper']",351,1.18,222.7,1.24,76%,145.2,0.78,0.35,0.10,0.08,32%,20%,6538,DSYRE,ap,False
Derke,FNC,"['yoru', 'raze', 'iso']",604,1.18,246.8,1.28,72%,161.0,0.88,0.20,0.17,0.15,24%,29%,2593,FNATIC,ap,False
Sayonara,KPI,"['skye', 'kayo', 'sova']",323,1.18,250.8,1.28,74%,164.7,0.90,0.29,0.14,0.10,34%,16%,6313,KPI Gaming,ap,False
Thuy,ZER.M,"['omen', 'viper']",348,1.17,218.5,1.22,79%,137.2,0.78,0.45,0.07,0.07,22%,28%,14613,Zerance Mint,ap,False
LizA,VLNT,"['jett', 'raze', 'neon']",561,1.15,258.5,1.26,73%,163.5,0.92,0.16,0.23,0.19,33%,23%,14737,VALIANT GC,ap,False
chiwa,ACE,"['killjoy', 'cypher']",375,1.15,218.2,1.26,71%,148.3,0.80,0.17,0.06,0.06,28%,6%,3531,Acend,ap,False
aNguiSt,CGN,"['viper', 'killjoy', 'cypher']",775,1.15,216.8,1.24,72%,146.9,0.81,0.15,0.11,0.08,34%,16%,5214,CGN Esports,ap,False
LewN,GS,"['jett', 'iso']",221,1.15,244.4,1.13,65%,159.9,0.85,0.24,0.17,0.19,32%,27%,4572,Galatasaray Esports,ap,False
ritsu,Gala,"['chamber', 'killjoy', 'kayo']",240,1.14,223.3,1.15,69%,153.7,0.81,0.15,0.17,0.10,32%,8%,15811,Ketçaplı Ruffles,ap,False
waddle,DSY,"['skye', 'sova', 'kayo']",351,1.14,197.0,1.16,77%,131.1,0.70,0.32,0.05,0.05,31%,19%,6538,DSYRE,ap,False
Sayf,VIT,"['jett', 'neon', 'raze']",611,1.14,235.5,1.20,68%,153.8,0.83,0.19,0.13,0.16,24%,16%,2059,Team Vitality,ap,False
Leosen,SGE,"['raze', 'jett', 'neon']",206,1.14,234.7,1.21,72%,159.9,0.88,0.17,0.17,0.17,25%,,14478,Eintracht Frankfurt,ap,False
Alfajer,FNC,"['iso', 'killjoy', 'breach']",604,1.14,219.2,1.22,74%,147.5,0.79,0.22,0.09,0.07,31%,15%,2593,FNATIC,ap,False
kamyk,JL,"['kayo', 'reyna', 'breach']",449,1.13,212.2,1.16,73%,140.9,0.78,0.34,0.09,0.08,33%,21%,11232,Joblife,ap,False
luckyMrJ,tras,"['cypher', 'viper', 'sage']",385,1.13,206.0,1.12,74%,131.7,0.74,0.29,0.11,0.08,28%,16%,9621,trashcan,ap,False
f4ngeer,tras,"['raze', 'killjoy', 'jett']",385,1.13,234.4,1.18,71%,159.9,0.84,0.20,0.15,0.16,30%,9%,9621,trashcan,ap,False
lauress,FF,"['cypher', 'killjoy', 'clove']",209,1.13,223.6,1.20,73%,146.4,0.82,0.17,0.12,0.09,31%,16%,4686,Fire Flux Esports,ap,False
sarah,GX.GC,"['breach', 'kayo', 'viper']",236,1.12,214.5,1.13,78%,132.2,0.75,0.50,0.07,0.05,29%,15%,15119,GIANTX GC,ap,False
RieNs,TH,"['gekko', 'breach', 'sova']",950,1.12,208.5,1.13,75%,139.9,0.74,0.32,0.08,0.08,36%,16%,1001,Team Heretics,ap,False
Lyda,HERO,"['viper', 'clove', 'sova']",296,1.12,220.5,1.14,75%,146.9,0.78,0.28,0.13,0.08,33%,20%,15749,HEROIC Valkyries,ap,False
ikyoo,FKS.S,"['chamber', 'yoru', 'breach']",262,1.12,218.8,1.12,73%,144.9,0.79,0.29,0.10,0.08,26%,10%,12626,AEX-1 Nova,ap,False
B1SK,ZYG,"['raze', 'jett', 'neon']",323,1.12,230.5,1.25,71%,152.5,0.84,0.14,0.20,0.14,22%,21%,15872,ZY Gaming,ap,False
ComeBack,PCF,"['jett', 'raze', 'yoru']",827,1.11,252.6,1.21,71%,163.8,0.89,0.16,0.19,0.16,28%,15%,3478,PCIFIC Espor,ap,False
DaviH,CGN,"['sage', 'sova', 'deadlock']",775,1.11,193.7,1.11,72%,135.6,0.67,0.29,0.06,0.05,22%,16%,5214,CGN Esports,ap,False
Karina,FKS.S,"['viper', 'cypher', 'killjoy']",262,1.11,234.4,1.17,69%,158.1,0.87,0.17,0.14,0.07,34%,4%,12236,FOKUS Sakura,ap,False
N4RRATE,KC,"['gekko', 'fade', 'neon']",208,1.11,237.3,1.09,76%,154.6,0.81,0.31,0.14,0.09,21%,27%,8877,Karmine Corp,ap,False
yetujey,FUT,"['cypher', 'killjoy', 'viper']",255,1.11,219.0,1.19,71%,136.6,0.77,0.25,0.12,0.05,26%,11%,1184,FUT Esports,ap,False
NINJA,CHCH,"['viper', 'omen']",300,1.11,207.8,1.19,74%,130.6,0.79,0.26,0.10,0.08,32%,6%,14429,Chipi Chapa's,ap,False
AvovA,APK,"['omen', 'viper']",599,1.11,184.4,1.15,75%,118.6,0.68,0.39,0.08,0.07,39%,25%,11479,Apeks,ap,False
VenTT,HOWL,"['omen', 'harbor', 'brimstone']",381,1.10,205.0,1.10,79%,133.4,0.76,0.48,0.09,0.08,29%,22%,13558,HOWL Esports,ap,False
westside,DIA,"['killjoy', 'viper', 'cypher']",621,1.10,207.5,1.14,71%,141.1,0.75,0.18,0.09,0.07,38%,20%,8049,Diamant Esports,ap,False
soulcas,APK,"['sova', 'kayo', 'astra']",599,1.10,202.1,1.17,72%,133.1,0.72,0.33,0.06,0.07,36%,19%,11479,Apeks,ap,False
MAGiK,JL,"['omen', 'killjoy', 'brimstone']",449,1.10,224.0,1.18,73%,150.9,0.80,0.32,0.07,0.07,27%,8%,11232,Joblife,ap,False
sociablEE,FF,"['fade', 'breach', 'deadlock']",235,1.10,219.2,1.11,77%,144.4,0.77,0.35,0.09,0.08,28%,16%,4686,Fire Flux Esports,ap,False
Loita,PCF,"['omen', 'viper']",827,1.10,218.6,1.11,74%,142.7,0.76,0.40,0.11,0.11,41%,14%,3478,PCIFIC Espor,ap,False
szoren,GENK,"['kayo', 'skye', 'fade']",427,1.09,214.8,1.08,72%,140.1,0.76,0.34,0.07,0.08,29%,10%,14523,Requiem,ap,False
Joliinaa,GX.GC,"['omen', 'astra']",236,1.09,198.0,1.06,79%,127.5,0.70,0.50,0.08,0.05,24%,14%,15119,GIANTX GC,ap,False
brk,SAW,"['jett', 'yoru', 'raze']",382,1.09,233.2,1.12,66%,153.1,0.80,0.19,0.21,0.18,21%,16%,2755,SAW,ap,False
Jiex,KPI.S,"['sage', 'breach', 'gekko']",561,1.09,210.6,1.09,76%,137.4,0.74,0.42,0.10,0.07,34%,13%,14737,VALIANT GC,ap,False
Creamydreamy,SNS,"['fade', 'skye', 'kayo']",617,1.09,195.7,1.01,75%,126.7,0.71,0.53,0.05,0.06,33%,14%,14467,SweetNsour,ap,False
skylen,SUP,"['breach', 'kayo', 'deadlock']",259,1.08,203.2,1.14,75%,135.1,0.74,0.29,0.08,0.05,37%,24%,4567,Papara SuperMassive,ap,False
YaBoiLewis,FKS,"['raze', 'skye', 'kayo']",245,1.08,206.3,1.02,74%,138.2,0.71,0.37,0.13,0.13,41%,11%,6882,FOKUS,ap,False
Pinkalie,ZER.M,"['breach', 'omen', 'gekko']",348,1.08,188.2,1.04,80%,119.8,0.68,0.53,0.07,0.05,30%,11%,14613,Zerance Mint,ap,False
Minny,GN,"['cypher', 'killjoy', 'gekko']",496,1.08,202.8,1.15,72%,137.1,0.73,0.21,0.06,0.08,32%,16%,12474,GoNext Esports,ap,False
MOLSI,APK,"['breach', 'sage', 'sova']",599,1.07,198.4,1.06,76%,132.7,0.67,0.47,0.07,0.05,26%,17%,11479,Apeks,ap,False
sterben,SUP,"['omen', 'viper', 'astra']",259,1.07,201.8,1.10,72%,134.6,0.73,0.34,0.10,0.10,33%,4%,4567,Papara SuperMassive,ap,False
starkk,NOVO,"['viper', 'omen', 'astra']",416,1.06,188.5,1.04,72%,122.4,0.68,0.32,0.08,0.06,28%,11%,13161,NOVO Esports,ap,False
hiro,FNC,"['cypher', 'fade', 'gekko']",604,1.06,194.0,1.12,72%,126.0,0.70,0.30,0.08,0.09,31%,23%,2593,FNATIC,ap,False
Jesse,BAR,"['omen', 'viper', 'brimstone']",780,1.06,204.2,1.06,69%,134.5,0.74,0.30,0.09,0.09,36%,15%,14461,Barça eSports,ap,False
Addicted,SAW,"['sova', 'gekko', 'deadlock']",382,1.06,184.6,1.04,70%,128.2,0.66,0.29,0.07,0.05,32%,16%,2755,SAW,ap,False
ja2,Huge,"['raze', 'neon', 'jett']",298,1.06,224.5,1.09,67%,144.9,0.81,0.24,0.16,0.18,25%,20%,15862,charbon,ap,False
DREAM,VLNT,"['killjoy', 'viper', 'cypher']",561,1.06,198.0,1.15,73%,132.4,0.71,0.18,0.07,0.06,23%,20%,14737,VALIANT GC,ap,False
xiTsha,DIA,"['omen', 'gekko', 'kayo']",621,1.06,201.3,1.07,73%,134.0,0.73,0.30,0.07,0.09,33%,20%,8049,Diamant Esports,ap,False
devilasxa,O1O,"['gekko', 'cypher', 'raze']",459,1.06,203.8,1.02,71%,138.5,0.71,0.36,0.08,0.07,33%,13%,13226,Odd 1 OUT,ap,False
amy,G2.G,"['astra', 'cypher', 'brimstone']",202,1.06,202.2,1.25,78%,129.5,0.75,0.32,0.10,0.06,39%,,6530,G2 Gozen,ap,False
Pa1ze,DIA,"['raze', 'neon', 'jett']",621,1.05,240.4,1.11,69%,152.4,0.83,0.16,0.22,0.19,28%,13%,8049,Diamant Esports,ap,False
al0rante,FKS,"['astra', 'viper', 'cypher']",245,1.05,202.3,1.09,68%,135.9,0.73,0.17,0.09,0.09,42%,10%,6882,FOKUS,ap,False
Xaline,Huge,"['cypher', 'deadlock', 'killjoy']",298,1.05,209.6,1.05,70%,143.0,0.73,0.25,0.09,0.11,22%,9%,15862,charbon,ap,False
Vince,CGN,"['brimstone', 'astra', 'omen']",775,1.05,195.4,1.06,72%,125.9,0.70,0.37,0.06,0.06,23%,18%,5214,CGN Esports,ap,False
ianto,RUD,"['gekko', 'viper', 'kayo']",358,1.05,193.6,1.03,74%,125.9,0.66,0.31,0.07,0.09,25%,21%,14523,Requiem,ap,False
elllement,CGN,"['raze', 'jett', 'yoru']",775,1.05,230.6,1.14,69%,152.8,0.80,0.17,0.20,0.15,26%,21%,5214,CGN Esports,ap,False
Padisah,GS,"['viper', 'killjoy', 'cypher']",221,1.05,219.9,1.07,74%,145.6,0.77,0.22,0.07,0.05,38%,3%,4572,Galatasaray Esports,ap,False
Miyori,GX.GC,"['cypher', 'killjoy', 'chamber']",236,1.04,220.5,1.08,68%,141.5,0.78,0.21,0.14,0.12,30%,22%,15119,GIANTX GC,ap,False
mikee,JL,"['killjoy', 'viper', 'cypher']",449,1.04,194.0,1.06,74%,129.3,0.68,0.26,0.06,0.08,26%,22%,11232,Joblife,ap,False
RobbieBk,JL,"['sova', 'skye', 'fade']",449,1.04,191.5,1.03,72%,130.8,0.69,0.27,0.06,0.08,34%,20%,11232,Joblife,ap,False
Smurfette,GX.GC,"['neon', 'jett', 'yoru']",236,1.04,229.1,1.12,69%,151.4,0.84,0.15,0.19,0.19,28%,27%,15119,GIANTX GC,ap,False
Turko,FF,"['brimstone', 'cypher', 'omen']",235,1.04,195.2,1.04,70%,126.1,0.70,0.27,0.08,0.06,34%,21%,4686,Fire Flux Esports,ap,False
Fizzy,MOUZ,"['killjoy', 'cypher', 'viper']",634,1.04,211.4,1.12,70%,138.9,0.77,0.18,0.10,0.09,32%,11%,8044,MOUZ,ap,False
Saiz,BAR,"['viper', 'killjoy', 'cypher']",499,1.04,201.0,1.05,68%,133.3,0.73,0.16,0.10,0.08,38%,14%,14461,Barça eSports,ap,False
AtaKaptan,FUT,"['omen', 'viper', 'brimstone']",255,1.03,206.0,1.04,71%,130.7,0.72,0.34,0.09,0.12,28%,,1184,FUT Esports,ap,False
Famsii,GX,"['neon', 'omen', 'raze']",287,1.03,224.8,1.07,73%,151.4,0.82,0.26,0.14,0.14,28%,,14419,GIANTX,ap,False
Anima,HOWL,"['fade', 'kayo', 'breach']",381,1.03,191.2,0.98,75%,128.3,0.64,0.48,0.06,0.06,23%,4%,13558,HOWL Esports,ap,False
Ticey,SNS,"['raze', 'yoru', 'jett']",617,1.03,232.2,1.07,68%,150.1,0.81,0.17,0.20,0.19,20%,18%,14467,SweetNsour,ap,False
Petra,G2.G,"['sova', 'fade', 'skye']",202,1.02,192.0,1.10,72%,132.2,0.68,0.29,0.05,0.10,26%,29%,6530,G2 Gozen,ap,False
starki,MOUZ,"['omen', 'brimstone', 'astra']",634,1.02,198.8,1.02,72%,129.2,0.69,0.38,0.10,0.10,30%,15%,8044,MOUZ,ap,False
Shazeon,SGE,"['viper', 'cypher', 'fade']",206,1.02,203.8,1.02,71%,131.7,0.73,0.24,0.11,0.11,28%,11%,14478,Eintracht Frankfurt,ap,False
susbake,O1O,"['sage', 'deadlock', 'sova']",349,1.02,215.4,1.00,71%,143.5,0.74,0.26,0.10,0.10,33%,26%,13226,Odd 1 OUT,ap,False
Tag,DSY,"['viper', 'sage', 'cypher']",351,1.02,192.4,1.04,70%,135.9,0.70,0.27,0.08,0.10,37%,16%,6538,DSYRE,ap,False
TajReX,LDS,"['viper', 'raze', 'killjoy']",385,1.02,218.9,1.01,70%,147.3,0.74,0.23,0.13,0.11,24%,8%,9621,trashcan,ap,False
Sliicyy,char,"['yoru', 'breach', 'kayo']",298,1.02,201.8,0.96,71%,127.5,0.70,0.46,0.09,0.10,26%,22%,15862,charbon,ap,False
Kicks,VIT,"['kayo', 'breach', 'gekko']",611,1.02,185.6,0.94,73%,119.6,0.65,0.47,0.07,0.07,22%,21%,2059,Team Vitality,ap,False
ALIVE,ACE,"['jett', 'raze']",375,1.01,208.5,1.00,71%,143.4,0.70,0.23,0.14,0.12,24%,9%,3531,Acend,ap,False
zeek,GN,"['sova', 'kayo', 'breach']",496,1.01,190.9,1.02,73%,130.2,0.67,0.34,0.07,0.06,24%,13%,12474,GoNext Esports,ap,False
benjyfishy,TH,"['viper', 'cypher', 'killjoy']",950,1.01,188.1,1.07,70%,127.4,0.71,0.17,0.08,0.09,37%,17%,1001,Team Heretics,ap,False
Crewen,HOWL,"['cypher', 'killjoy', 'viper']",381,1.01,192.5,1.00,72%,133.0,0.69,0.26,0.09,0.06,28%,6%,13558,HOWL Esports,ap,False
d3ffo,VLNT,"['jett', 'yoru', 'raze']",503,1.01,220.1,1.03,69%,148.0,0.78,0.16,0.17,0.15,25%,18%,10188,VALIANT,ap,False
Annie,O1O,"['jett', 'neon', 'raze']",273,1.01,212.9,1.01,68%,140.6,0.78,0.12,0.18,0.18,35%,20%,13226,Odd 1 OUT,ap,False
Deqadz,RUD,"['omen', 'viper', 'harbor']",358,1.00,200.0,1.00,73%,125.2,0.69,0.42,0.10,0.10,18%,9%,14523,Requiem,ap,False
Wo0t,TH,"['fade', 'iso', 'kayo']",950,1.00,193.1,0.97,75%,126.8,0.67,0.37,0.09,0.09,36%,18%,1001,Team Heretics,ap,False
adora,HERO,"['raze', 'sage', 'jett']",296,1.00,214.0,1.00,66%,146.7,0.74,0.20,0.18,0.17,30%,5%,15749,HEROIC Valkyries,ap,False
globeX,CHCH,"['yoru', 'raze', 'jett']",300,1.00,217.9,1.00,71%,144.4,0.73,0.24,0.19,0.16,17%,10%,14429,Chipi Chapa's,ap,False
T0BA,391,"['cypher', 'killjoy', 'brimstone']",391,1.00,197.2,1.01,69%,136.2,0.69,0.27,0.08,0.09,24%,13%,14523,Requiem,ap,False
Kiles,KPI,"['viper', 'breach', 'fade']",323,0.99,164.3,0.97,77%,111.2,0.60,0.36,0.03,0.04,28%,15%,6313,KPI Gaming,ap,False
ness,GX.GC,"['sova', 'gekko']",236,0.99,183.7,0.93,73%,129.3,0.61,0.33,0.07,0.06,25%,18%,15119,GIANTX GC,ap,False
SEIDER,FKS,"['fade', 'gekko', 'astra']",245,0.99,178.8,1.02,71%,116.5,0.64,0.26,0.09,0.07,38%,6%,6882,FOKUS,ap,False
GrTw,SAW,"['killjoy', 'cypher']",382,0.99,206.5,0.99,72%,136.2,0.70,0.23,0.12,0.08,25%,10%,2755,SAW,ap,False
Masic,GAL,"['jett', 'raze', 'chamber']",629,0.99,192.5,0.96,67%,129.9,0.67,0.25,0.11,0.09,28%,12%,4762,Galakticos,ap,False
Cunha20,SAW,"['omen', 'viper', 'brimstone']",382,0.99,178.4,0.97,73%,119.8,0.66,0.37,0.05,0.05,37%,15%,2755,SAW,ap,False
ip0TT,GAL,"['iso', 'breach', 'kayo']",629,0.98,226.3,1.02,71%,149.1,0.79,0.18,0.17,0.16,30%,11%,4762,Galakticos,ap,False
ZachKappa,CHCH,"['killjoy', 'raze', 'viper']",300,0.98,183.9,1.01,67%,128.9,0.67,0.14,0.07,0.07,36%,4%,14429,Chipi Chapa's,ap,False
H1ber,NOVO,"['kayo', 'breach', 'sova']",416,0.98,198.0,0.93,72%,128.0,0.67,0.39,0.10,0.09,26%,27%,13161,NOVO Esports,ap,False
marteen,KC,"['yoru', 'omen', 'gekko']",208,0.98,198.2,0.97,74%,134.3,0.73,0.19,0.13,0.10,34%,23%,8877,Karmine Corp,ap,False
cNed,FUT,"['raze', 'jett']",255,0.98,218.9,1.01,67%,150.2,0.75,0.14,0.18,0.17,25%,5%,1184,FUT Esports,ap,False
BySmall,HOWL.M,"['sova', 'gekko', 'sage']",240,0.98,182.4,0.91,70%,123.7,0.65,0.26,0.03,0.03,31%,14%,15811,Ketçaplı Ruffles,ap,False
xanarchy,SGE,"['gekko', 'sova', 'skye']",206,0.98,171.2,0.91,73%,113.3,0.62,0.34,0.07,0.04,27%,12%,14478,Eintracht Frankfurt,ap,False
Tempo,SNS,"['cypher', 'viper', 'killjoy']",478,0.98,198.3,1.02,67%,133.3,0.72,0.13,0.10,0.11,30%,14%,14467,SweetNsour,ap,False
Ninou,VLNT,"['sova', 'fade', 'breach']",561,0.98,178.1,0.93,75%,121.2,0.59,0.40,0.05,0.07,17%,15%,14737,VALIANT GC,ap,False
Celasun,PCF,"['killjoy', 'cypher', 'brimstone']",827,0.97,177.9,0.99,71%,122.7,0.65,0.19,0.05,0.06,29%,10%,3478,PCIFIC Espor,ap,False
Docent,KAST,"['omen', 'viper', 'reyna']",221,0.97,191.1,0.94,67%,128.8,0.68,0.31,0.07,0.09,27%,22%,4572,Galatasaray Esports,ap,False
Boo,TH,"['brimstone', 'omen', 'viper']",950,0.97,174.6,0.94,74%,111.7,0.62,0.40,0.08,0.07,30%,15%,1001,Team Heretics,ap,False
Guardy,BAR,"['gekko', 'kayo', 'skye']",499,0.97,181.8,0.88,71%,121.2,0.63,0.38,0.06,0.07,28%,14%,14461,Barça eSports,ap,False
MrFaliN,FUT,"['breach', 'omen', 'sova']",255,0.97,178.8,0.94,71%,116.4,0.61,0.44,0.07,0.09,23%,14%,1184,FUT Esports,ap,False
Harmonee,aTTaX,"['fade', 'sova', 'gekko']",535,0.97,190.1,0.91,68%,130.9,0.64,0.27,0.08,0.10,28%,20%,11496,ALTERNATE aTTaX Ruby,ap,False
Kalkkuna,STR99,"['jett', 'raze']",201,0.97,208.7,1.03,72%,139.4,0.75,0.12,0.17,0.18,27%,13%,12679,apinaorkesteri,ap,False
NeskaaS,VLNT,"['killjoy', 'cypher', 'brimstone']",503,0.97,188.8,0.96,69%,125.1,0.69,0.20,0.11,0.10,27%,24%,10188,VALIANT,ap,False
Snowi,OF,"['breach', 'skye', 'gekko']",218,0.97,176.3,0.84,72%,120.1,0.61,0.49,0.03,0.06,23%,14%,7932,OnlyFins,ap,False
ellie,aTTaX,"['raze', 'jett']",535,0.96,201.2,1.00,67%,134.6,0.74,0.14,0.15,0.19,31%,13%,11496,ALTERNATE aTTaX Ruby,ap,False
Mel,VLNT,"['viper', 'omen', 'brimstone']",561,0.96,178.2,0.92,73%,115.5,0.63,0.44,0.06,0.09,32%,15%,14737,VALIANT GC,ap,False
hype,APK,"['killjoy', 'viper', 'cypher']",599,0.96,188.4,1.00,71%,125.1,0.66,0.24,0.10,0.09,28%,21%,11479,Apeks,ap,False
jademwah,O1O,"['viper', 'sova', 'omen']",459,0.96,201.1,0.96,68%,129.9,0.68,0.37,0.09,0.14,22%,18%,13226,Odd 1 OUT,ap,False
bipo,NOVO,"['neon', 'yoru', 'jett']",416,0.96,207.6,1.02,65%,135.3,0.75,0.19,0.18,0.19,31%,3%,13161,NOVO Esports,ap,False
lurzy0y0,GAL,"['omen', 'breach', 'viper']",629,0.95,183.5,0.93,71%,123.5,0.66,0.25,0.07,0.07,32%,10%,4762,Galakticos,ap,False
Danda,DEMU,"['omen', 'fade', 'sova']",385,0.95,176.8,0.91,71%,113.1,0.64,0.35,0.05,0.06,28%,17%,9621,trashcan,ap,False
Fragger,SAW,"['kayo', 'iso', 'sage']",382,0.95,190.0,0.93,70%,125.8,0.68,0.40,0.08,0.11,30%,20%,2755,SAW,ap,False
lenka,ZER.M,"['killjoy', 'brimstone', 'cypher']",348,0.95,187.5,0.94,71%,128.2,0.67,0.20,0.11,0.07,29%,15%,14613,Zerance Mint,ap,False
DESTRUCT1VEE,GAL,"['cypher', 'viper', 'astra']",629,0.95,185.7,0.94,70%,122.9,0.66,0.33,0.09,0.10,28%,18%,4762,Galakticos,ap,False
KPZET,BAR,"['clove', 'viper', 'omen']",222,0.94,177.5,0.89,73%,118.4,0.62,0.38,0.07,0.09,37%,14%,14461,Barça eSports,ap,False
MiniBoo,TH,"['raze', 'neon', 'kayo']",950,0.94,207.3,0.95,70%,136.8,0.71,0.21,0.16,0.16,30%,8%,1001,Team Heretics,ap,False
alexiiik,GN,"['neon', 'jett', 'raze']",496,0.94,210.6,1.03,66%,135.6,0.76,0.14,0.18,0.18,30%,7%,12474,GoNext Esports,ap,False
maniek,BAR,"['yoru', 'jett', 'neon']",499,0.94,218.7,1.01,65%,142.4,0.77,0.19,0.17,0.22,23%,17%,14461,Barça eSports,ap,False
Insider,KPI,"['cypher', 'killjoy', 'viper']",323,0.94,186.3,1.00,67%,129.2,0.65,0.17,0.10,0.08,34%,19%,6313,KPI Gaming,ap,False
Obnoks,MOUZ,"['sova', 'gekko', 'reyna']",634,0.94,182.8,0.89,73%,126.0,0.63,0.34,0.06,0.07,28%,12%,8044,MOUZ,ap,False
N,A,"['gekko', 'sova', 'harbor']",416,0.93,184.9,0.91,68%,124.6,0.65,0.24,0.06,0.07,29%,15%,13161,NOVO Esports,ap,False
luckeRRR,SGE,"['yoru', 'sage', 'cypher']",206,0.93,191.3,0.90,74%,124.7,0.64,0.31,0.11,0.10,22%,6%,14478,Eintracht Frankfurt,ap,False
Grmekista,DIA,"['astra', 'killjoy', 'sova']",621,0.93,170.9,0.86,71%,118.3,0.59,0.34,0.06,0.06,22%,9%,8049,Diamant Esports,ap,False
Ambi,VLNT,"['kayo', 'jett', 'deadlock']",503,0.93,178.5,0.88,70%,117.4,0.62,0.36,0.07,0.09,26%,10%,10188,VALIANT,ap,False
Vorwenn,BAR,"['cypher', 'clove', 'sova']",499,0.93,178.6,0.89,72%,119.9,0.63,0.24,0.07,0.09,31%,21%,14461,Barça eSports,ap,False
caydeN,DSY,"['brimstone', 'sage', 'omen']",351,0.92,171.5,0.86,72%,113.6,0.58,0.44,0.09,0.08,24%,13%,6538,DSYRE,ap,False
Loupiote,ZER.M,"['sova', 'gekko', 'skye']",348,0.92,165.3,0.87,75%,108.9,0.58,0.31,0.05,0.07,22%,17%,14613,Zerance Mint,ap,False
bucher,FKS,"['omen', 'brimstone']",245,0.92,162.2,0.86,70%,105.4,0.57,0.40,0.05,0.07,39%,7%,6882,FOKUS,ap,False
LiriLia,KC.GC,"['breach', 'astra', 'gekko']",298,0.92,174.4,0.85,72%,121.3,0.59,0.43,0.05,0.07,30%,6%,15862,charbon,ap,False
xenia,HOWL.M,"['skye', 'neon', 'jett']",240,0.92,209.5,0.96,64%,142.1,0.74,0.20,0.18,0.18,29%,9%,15811,Ketçaplı Ruffles,ap,False
leeni,FKS.S,"['raze', 'jett']",262,0.92,208.4,0.91,65%,138.3,0.71,0.19,0.22,0.19,20%,10%,12236,FOKUS Sakura,ap,False
iluri,MOUZ,"['breach', 'skye', 'sova']",634,0.91,159.7,0.87,72%,108.3,0.58,0.33,0.05,0.09,40%,17%,8044,MOUZ,ap,False
Nescargot,Team,"['omen', 'sova', 'viper']",298,0.91,173.7,0.88,68%,115.4,0.61,0.27,0.06,0.09,34%,6%,15862,charbon,ap,False
runneR,VIT,"['killjoy', 'cypher', 'viper']",611,0.91,187.4,0.90,71%,122.1,0.64,0.27,0.10,0.08,20%,10%,2059,Team Vitality,ap,False
alannn,NOVO,"['killjoy', 'cypher', 'viper']",416,0.91,191.0,0.94,68%,125.9,0.68,0.19,0.08,0.10,35%,12%,13161,NOVO Esports,ap,False
elysian,FKS.S,"['skye', 'breach', 'sova']",262,0.91,172.7,0.88,74%,117.5,0.63,0.34,0.05,0.05,30%,13%,12236,FOKUS Sakura,ap,False
CyderX,GS,"['skye', 'harbor', 'sova']",221,0.91,158.5,0.85,71%,112.2,0.56,0.26,0.02,0.04,35%,21%,4572,Galatasaray Esports,ap,False
Serial,Aimb,"['gekko', 'cypher', 'deadlock']",300,0.90,196.7,0.96,65%,127.2,0.71,0.17,0.07,0.14,45%,12%,14429,Chipi Chapa's,ap,False
Brädi,DOES,"['breach', 'fade', 'kayo']",201,0.90,163.4,0.83,71%,108.5,0.59,0.40,0.10,0.11,23%,29%,12679,apinaorkesteri,ap,False
Gianta,RFS,"['omen', 'viper', 'cypher']",240,0.90,162.3,0.80,71%,111.0,0.58,0.40,0.08,0.05,31%,19%,15811,Ketçaplı Ruffles,ap,False
cullumx,ACE,"['kayo', 'reyna', 'iso']",375,0.90,192.6,0.91,66%,128.9,0.68,0.29,0.11,0.12,39%,9%,3531,Acend,ap,False
jas,JL,"['jett', 'neon', 'raze']",449,0.90,199.6,0.94,68%,130.9,0.69,0.18,0.18,0.21,28%,32%,11232,Joblife,ap,False
glovee,GAL,"['sova', 'skye', 'fade']",629,0.90,171.1,0.84,71%,114.7,0.60,0.34,0.07,0.08,25%,19%,4762,Galakticos,ap,False
Famzzam,SNS,"['viper', 'gekko', 'fade']",548,0.90,169.9,0.83,71%,111.4,0.58,0.32,0.06,0.08,25%,12%,14467,SweetNsour,ap,False
bzt,CG,"['sova', 'breach', 'fade']",300,0.89,167.2,0.83,71%,117.9,0.57,0.31,0.05,0.06,28%,11%,14429,Chipi Chapa's,ap,False
Buld,GN,"['breach', 'sage', 'sova']",496,0.89,177.3,0.91,70%,115.1,0.62,0.29,0.10,0.10,27%,10%,12474,GoNext Esports,ap,False
ginger,aTTaX,"['cypher', 'killjoy', 'clove']",535,0.89,185.5,0.95,64%,119.9,0.68,0.21,0.06,0.12,20%,22%,11496,ALTERNATE aTTaX Ruby,ap,False
Ale,OF,"['neon', 'raze', 'yoru']",218,0.89,195.2,0.85,64%,128.5,0.67,0.22,0.17,0.22,20%,5%,7932,OnlyFins,ap,False
qRaxs,FUT,"['gekko', 'breach', 'sage']",255,0.88,154.6,0.91,72%,103.3,0.58,0.27,0.04,0.08,28%,20%,1184,FUT Esports,ap,False
Blossi,aTTaX,"['omen', 'astra']",535,0.88,163.6,0.81,68%,110.3,0.58,0.41,0.06,0.10,26%,11%,11496,ALTERNATE aTTaX Ruby,ap,False
sh1n,KC,"['viper', 'omen', 'kayo']",208,0.88,176.0,0.84,70%,116.2,0.63,0.35,0.09,0.07,26%,5%,8877,Karmine Corp,ap,False
Sacake,VLNT,"['sova', 'gekko', 'fade']",503,0.87,170.5,0.78,69%,112.9,0.57,0.32,0.06,0.04,24%,7%,10188,VALIANT,ap,False
w0zzip,FF,"['gekko', 'kayo', 'breach']",235,0.87,169.6,0.85,70%,111.0,0.58,0.31,0.07,0.08,27%,17%,4686,Fire Flux Esports,ap,False
Gloomy,HOWL,"['viper', 'sova', 'gekko']",381,0.87,158.3,0.79,72%,105.4,0.53,0.36,0.08,0.12,19%,5%,13558,HOWL Esports,ap,False
musashi,ACE,"['gekko', 'raze', 'fade']",375,0.87,167.1,0.84,67%,113.8,0.57,0.27,0.09,0.11,27%,18%,14037,Team Germany,ap,False
HearthBeat,SNS,"['omen', 'brimstone', 'viper']",548,0.87,159.5,0.78,69%,106.5,0.54,0.42,0.06,0.09,27%,8%,14467,SweetNsour,ap,False
zeddy,KPI,"['brimstone', 'gekko', 'omen']",323,0.86,168.1,0.81,73%,109.5,0.55,0.39,0.08,0.09,21%,5%,6313,KPI Gaming,ap,False
ceNder,VIT,"['omen', 'viper']",611,0.86,160.6,0.81,69%,102.6,0.58,0.37,0.07,0.15,28%,8%,2059,Team Vitality,ap,False
SUPERPHROG,HERO,"['chamber', 'killjoy', 'cypher']",296,0.85,177.2,0.88,62%,125.3,0.65,0.13,0.11,0.11,32%,13%,15749,HEROIC Valkyries,ap,False
Rosé,PCF,"['sova', 'breach', 'kayo']",827,0.85,162.8,0.82,67%,111.1,0.57,0.28,0.07,0.10,28%,25%,3478,PCIFIC Espor,ap,False
Boaster,FNC,"['omen', 'viper', 'astra']",604,0.85,150.7,0.82,71%,97.1,0.51,0.39,0.08,0.11,26%,15%,2593,FNATIC,ap,False
Prti,DIA,"['fade', 'skye', 'breach']",621,0.85,164.9,0.81,68%,112.5,0.58,0.35,0.05,0.09,28%,14%,8049,Diamant Esports,ap,False
eNes,SGE,"['clove', 'omen']",206,0.84,169.4,0.75,70%,110.6,0.58,0.39,0.06,0.06,22%,13%,14478,Eintracht Frankfurt,ap,False
Feeqn,OF,"['cypher', 'viper', 'killjoy']",218,0.83,173.8,0.78,66%,117.8,0.60,0.18,0.05,0.06,20%,6%,7932,OnlyFins,ap,False
6sonya,O1O,"['sova', 'fade']",273,0.81,154.6,0.77,65%,107.1,0.56,0.22,0.05,0.07,37%,12%,13226,Odd 1 OUT,ap,False
Touven,GGO,"['raze', 'sova', 'yoru']",221,0.80,175.3,0.79,65%,120.8,0.60,0.20,0.10,0.19,26%,11%,4572,Galatasaray Esports,ap,False
Bully,NXT,"['omen', 'brimstone', 'cypher']",219,0.80,173.4,0.77,71%,121.5,0.60,0.38,0.08,0.10,25%,10%,13224,NXT,ap,False
nixoon,OF,"['omen', 'clove', 'viper']",218,0.79,185.7,0.73,65%,113.4,0.64,0.37,0.11,0.13,23%,7%,7932,OnlyFins,ap,False
MAGNUM,KC,"['killjoy', 'sova', 'kayo']",208,0.79,161.9,0.73,72%,109.3,0.54,0.30,0.10,0.13,32%,12%,8877,Karmine Corp,ap,False
BennY,CGN,"['gekko', 'phoenix', 'raze']",775,0.78,154.6,0.79,65%,99.9,0.55,0.23,0.09,0.13,28%,11%,5214,CGN Esports,ap,False
Cille,HERO,"['fade', 'sova', 'kayo']",296,0.78,150.1,0.73,68%,95.6,0.54,0.32,0.03,0.08,25%,13%,15749,HEROIC Valkyries,ap,False
SouhcNi,SUP,"['skye', 'gekko', 'sova']",259,0.78,157.7,0.73,66%,105.2,0.50,0.32,0.05,0.12,28%,14%,4567,Papara SuperMassive,ap,False
Jesmu,OF,"['sova', 'gekko', 'fade']",218,0.78,165.4,0.73,68%,112.5,0.57,0.30,0.09,0.11,19%,20%,7932,OnlyFins,ap,False
Ixela,HOWL.M,"['jett', 'viper', 'gekko']",240,0.77,165.7,0.71,67%,109.5,0.55,0.39,0.08,0.11,27%,17%,15811,Ketçaplı Ruffles,ap,False
tomaszy,KC,"['harbor', 'cypher', 'neon']",208,0.74,157.5,0.73,62%,106.5,0.55,0.21,0.06,0.10,31%,4%,8877,Karmine Corp,ap,False
ANXiOS,SKUL,"['skye', 'omen', 'kayo']",385,0.73,150.9,0.66,69%,97.8,0.50,0.47,0.06,0.09,22%,9%,9621,trashcan,ap,False
